filename,weather,style
image_01artistic_rainy.png,rainy,artistic
image_02artistic_rainy.png,rainy,artistic
image_03artistic_rainy.png,rainy,artistic
image_04artistic_rainy.png,rainy,artistic
image_05artistic_rainy.png,rainy,artistic
image_06artistic_rainy.png,rainy,artistic
image_07artistic_rainy.png,rainy,artistic
image_08artistic_rainy.png,rainy,artistic
image_09artistic_rainy.png,rainy,artistic
image_10artistic_rainy.png,rainy,artistic
image_11artistic_rainy.png,rainy,artistic
image_12artistic_rainy.png,rainy,artistic
image_13artistic_rainy.png,rainy,artistic
image_14artistic_rainy.png,rainy,artistic
image_15artistic_rainy.png,rainy,artistic
image_17artistic_rainy.png,rainy,artistic
image_18artistic_rainy.png,rainy,artistic
image_20artistic_rainy.png,rainy,artistic
image_22artistic_rainy.png,rainy,artistic
image_23artistic_rainy.png,rainy,artistic
image_24artistic_rainy.png,rainy,artistic
image_27artistic_rainy.png,rainy,artistic
image_28artistic_rainy.png,rainy,artistic
image_29artistic_rainy.png,rainy,artistic
image_30artistic_rainy.png,rainy,artistic
image_31artistic_rainy.png,rainy,artistic
image_32artistic_rainy.png,rainy,artistic
image_33artistic_rainy.png,rainy,artistic
image_35artistic_rainy.png,rainy,artistic
image_36artistic_rainy.png,rainy,artistic
image_37artistic_rainy.png,rainy,artistic
image_38artistic_rainy.png,rainy,artistic
image_39artistic_rainy.png,rainy,artistic
image_40artistic_rainy.png,rainy,artistic
image_42artistic_rainy.png,rainy,artistic
image_43artistic_rainy.png,rainy,artistic
image_44artistic_rainy.png,rainy,artistic
image_45artistic_rainy.png,rainy,artistic
image_46artistic_rainy.png,rainy,artistic
image_47artistic_rainy.png,rainy,artistic
image_50artistic_rainy.png,rainy,artistic
image_02artistic_sunny.png,sunny,artistic
image_03artistic_sunny.png,sunny,artistic
image_04artistic_sunny.png,sunny,artistic
image_06artistic_sunny.png,sunny,artistic
image_07artistic_sunny.png,sunny,artistic
image_08artistic_sunny.png,sunny,artistic
image_09artistic_sunny.png,sunny,artistic
image_10artistic_sunny.png,sunny,artistic
image_11artistic_sunny.png,sunny,artistic
image_12artistic_sunny.png,sunny,artistic
image_13artistic_sunny.png,sunny,artistic
image_17artistic_sunny.png,sunny,artistic
image_18artistic_sunny.png,sunny,artistic
image_19artistic_sunny.png,sunny,artistic
image_20artistic_sunny.png,sunny,artistic
image_21artistic_sunny.png,sunny,artistic
image_22artistic_sunny.png,sunny,artistic
image_23artistic_sunny.png,sunny,artistic
image_24artistic_sunny.png,sunny,artistic
image_25artistic_sunny.png,sunny,artistic
image_26artistic_sunny.png,sunny,artistic
image_28artistic_sunny.png,sunny,artistic
image_29artistic_sunny.png,sunny,artistic
image_31artistic_sunny.png,sunny,artistic
image_32artistic_sunny.png,sunny,artistic
image_33artistic_sunny.png,sunny,artistic
image_35artistic_sunny.png,sunny,artistic
image_38artistic_sunny.png,sunny,artistic
image_40artistic_sunny.png,sunny,artistic
image_41artistic_sunny.png,sunny,artistic
image_42artistic_sunny.png,sunny,artistic
image_43artistic_sunny.png,sunny,artistic
image_46artistic_sunny.png,sunny,artistic
image_47artistic_sunny.png,sunny,artistic
image_48artistic_sunny.png,sunny,artistic
image_49artistic_sunny.png,sunny,artistic
image_50artistic_sunny.png,sunny,artistic
image_01realistic_rainy.png,rainy,realistic
image_02realistic_rainy.png,rainy,realistic
image_03realistic_rainy.png,rainy,realistic
image_04realistic_rainy.png,rainy,realistic
image_05realistic_rainy.png,rainy,realistic
image_06realistic_rainy.png,rainy,realistic
image_07realistic_rainy.png,rainy,realistic
image_10realistic_rainy.png,rainy,realistic
image_11realistic_rainy.png,rainy,realistic
image_12realistic_rainy.png,rainy,realistic
image_13realistic_rainy.png,rainy,realistic
image_14realistic_rainy.png,rainy,realistic
image_15realistic_rainy.png,rainy,realistic
image_16realistic_rainy.png,rainy,realistic
image_17realistic_rainy.png,rainy,realistic
image_19realistic_rainy.png,rainy,realistic
image_20realistic_rainy.png,rainy,realistic
image_21realistic_rainy.png,rainy,realistic
image_22realistic_rainy.png,rainy,realistic
image_23realistic_rainy.png,rainy,realistic
image_24realistic_rainy.png,rainy,realistic
image_25realistic_rainy.png,rainy,realistic
image_26realistic_rainy.png,rainy,realistic
image_27realistic_rainy.png,rainy,realistic
image_28realistic_rainy.png,rainy,realistic
image_29realistic_rainy.png,rainy,realistic
image_30realistic_rainy.png,rainy,realistic
image_31realistic_rainy.png,rainy,realistic
image_32realistic_rainy.png,rainy,realistic
image_33realistic_rainy.png,rainy,realistic
image_34realistic_rainy.png,rainy,realistic
image_35realistic_rainy.png,rainy,realistic
image_36realistic_rainy.png,rainy,realistic
image_37realistic_rainy.png,rainy,realistic
image_38realistic_rainy.png,rainy,realistic
image_39realistic_rainy.png,rainy,realistic
image_40realistic_rainy.png,rainy,realistic
image_41realistic_rainy.png,rainy,realistic
image_45realistic_rainy.png,rainy,realistic
image_46realistic_rainy.png,rainy,realistic
image_48realistic_rainy.png,rainy,realistic
image_49realistic_rainy.png,rainy,realistic
image_50realistic_rainy.png,rainy,realistic
image_01realistic_sunny.png,sunny,realistic
image_02realistic_sunny.png,sunny,realistic
image_03realistic_sunny.png,sunny,realistic
image_04realistic_sunny.png,sunny,realistic
image_05realistic_sunny.png,sunny,realistic
image_06realistic_sunny.png,sunny,realistic
image_07realistic_sunny.png,sunny,realistic
image_09realistic_sunny.png,sunny,realistic
image_10realistic_sunny.png,sunny,realistic
image_11realistic_sunny.png,sunny,realistic
image_12realistic_sunny.png,sunny,realistic
image_13realistic_sunny.png,sunny,realistic
image_14realistic_sunny.png,sunny,realistic
image_15realistic_sunny.png,sunny,realistic
image_17realistic_sunny.png,sunny,realistic
image_18realistic_sunny.png,sunny,realistic
image_19realistic_sunny.png,sunny,realistic
image_20realistic_sunny.png,sunny,realistic
image_22realistic_sunny.png,sunny,realistic
image_23realistic_sunny.png,sunny,realistic
image_24realistic_sunny.png,sunny,realistic
image_25realistic_sunny.png,sunny,realistic
image_26realistic_sunny.png,sunny,realistic
image_27realistic_sunny.png,sunny,realistic
image_28realistic_sunny.png,sunny,realistic
image_29realistic_sunny.png,sunny,realistic
image_30realistic_sunny.png,sunny,realistic
image_31realistic_sunny.png,sunny,realistic
image_33realistic_sunny.png,sunny,realistic
image_35realistic_sunny.png,sunny,realistic
image_36realistic_sunny.png,sunny,realistic
image_37realistic_sunny.png,sunny,realistic
image_40realistic_sunny.png,sunny,realistic
image_43realistic_sunny.png,sunny,realistic
image_44realistic_sunny.png,sunny,realistic
image_45realistic_sunny.png,sunny,realistic
image_47realistic_sunny.png,sunny,realistic
image_48realistic_sunny.png,sunny,realistic
image_50realistic_sunny.png,sunny,realistic
